Feature,Importance
visa_type,0.8272758914862616
processing_center,0.10348830484494115
applicant_country,0.06923580366879735
